"item_code","display_name","price","currency","product_type","hue","composition","dimensions","hero_image","buy_link","stock"
"DH-595.363.06","LILLEHEM Modular corner sofa, 2-seat - Gunnared dark grey/metal","789","SGD","Modular sofas","dark grey","polypropylene","148 x 76 x 73 cm","","https://www.ikea.com/sg/en/p/lillehem-modular-corner-sofa-2-seat-gunnared-dark-grey-metal-s59536306/","in_stock"
"DH-195.362.90","LILLEHEM Modular corner sofa, 2-seat - Gunnared/brown-red wood","789","SGD","Modular sofas","brown","polypropylene","148 x 76 x 73 cm","https://www.ikea.com/sg/en/images/products/lillehem-modular-corner-sofa-2-seat-gunnared-brown-red-wood__1577768_pe1033512_s5.jpg","https://www.ikea.com/sg/en/p/lillehem-modular-corner-sofa-2-seat-gunnared-brown-red-wood-s19536290/","in_stock"
"DH-095.362.95","LILLEHEM Modular corner sofa, 2-seat - Gunnared/brown-red metal","789","SGD","Modular sofas","brown","polypropylene","148 x 76 x 73 cm","https://www.ikea.com/sg/en/images/products/lillehem-modular-corner-sofa-2-seat-gunnared-brown-red-metal__1577767_pe1033514_s5.jpg","https://www.ikea.com/sg/en/p/lillehem-modular-corner-sofa-2-seat-gunnared-brown-red-metal-s09536295/","in_stock"
"DH-695.362.78","LILLEHEM Modular corner sofa, 2-seat - Vissle beige/wood","719","SGD","Modular sofas","beige","polypropylene","148 x 76 x 73 cm","https://www.ikea.com/sg/en/images/products/lillehem-modular-corner-sofa-2-seat-vissle-beige-wood__1577764_pe1033511_s5.jpg","https://www.ikea.com/sg/en/p/lillehem-modular-corner-sofa-2-seat-vissle-beige-wood-s69536278/","check"
"DH-495.362.84","LILLEHEM Modular corner sofa, 2-seat - Vissle beige/metal","719","SGD","Modular sofas","beige","polypropylene","148 x 76 x 73 cm","https://www.ikea.com/sg/en/images/products/lillehem-modular-corner-sofa-2-seat-vissle-beige-metal__1577762_pe1033509_s5.jpg","https://www.ikea.com/sg/en/p/lillehem-modular-corner-sofa-2-seat-vissle-beige-metal-s49536284/","check"
"DH-296.215.89","SÖDERHAMN 1-seat section - Kelinge beige","395","SGD","Modular sofas","beige","polyester wadding","93 x 99 x 83 cm","https://www.ikea.com/sg/en/images/products/soederhamn-1-seat-section-kelinge-beige__1499671_pe1006798_s5.jpg","https://www.ikea.com/sg/en/p/soederhamn-1-seat-section-kelinge-beige-s29621589/","in_stock"
"DH-996.215.95","SÖDERHAMN 1-seat section - Kelinge dark yellow","395","SGD","Modular sofas","yellow","polyester wadding","93 x 99 x 83 cm","https://www.ikea.com/sg/en/images/products/soederhamn-1-seat-section-kelinge-dark-yellow__1576762_pe1032692_s5.jpg","https://www.ikea.com/sg/en/p/soederhamn-1-seat-section-kelinge-dark-yellow-s99621595/","in_stock"
"DH-896.291.44","SÖDERHAMN 1-seat section - Gunnared beige","395","SGD","Modular sofas","beige","polyester wadding","93 x 99 x 83 cm","https://www.ikea.com/sg/en/images/products/soederhamn-1-seat-section-gunnared-beige__1576984_pe1032870_s5.jpg","https://www.ikea.com/sg/en/p/soederhamn-1-seat-section-gunnared-beige-s89629144/","in_stock"
"DH-896.215.86","SÖDERHAMN 1-seat section - Fridtuna dark grey-blue","415","SGD","Modular sofas","dark grey","polyester wadding","93 x 99 x 83 cm","https://www.ikea.com/sg/en/images/products/soederhamn-1-seat-section-fridtuna-dark-grey-blue__1572864_pe1031132_s5.jpg","https://www.ikea.com/sg/en/p/soederhamn-1-seat-section-fridtuna-dark-grey-blue-s89621586/","in_stock"
"DH-794.496.38","SÖDERHAMN 1-seat section - Fridtuna light beige","435","SGD","Modular sofas","light beige","polyester wadding","93 x 99 x 83 cm","https://www.ikea.com/sg/en/images/products/soederhamn-1-seat-section-fridtuna-light-beige__1057689_pe848892_s5.jpg","https://www.ikea.com/sg/en/p/soederhamn-1-seat-section-fridtuna-light-beige-s79449638/","in_stock"
"DH-696.215.92","SÖDERHAMN 1-seat section - Kelinge dark blue","395","SGD","Modular sofas","blue","polyester wadding","93 x 99 x 83 cm","https://www.ikea.com/sg/en/images/products/soederhamn-1-seat-section-kelinge-dark-blue__1576739_pe1032671_s5.jpg","https://www.ikea.com/sg/en/p/soederhamn-1-seat-section-kelinge-dark-blue-s69621592/","in_stock"
"DH-093.056.62","SÖDERHAMN 1-seat section - Viarp beige/brown","405","SGD","Modular sofas","beige","polyester wadding","93 x 99 x 83 cm","https://www.ikea.com/sg/en/images/products/soederhamn-1-seat-section-viarp-beige-brown__1577085_pe1032929_s5.jpg","https://www.ikea.com/sg/en/p/soederhamn-1-seat-section-viarp-beige-brown-s09305662/","in_stock"
"DH-794.712.62","LILLEHEM 2-seat modular sofa - Gunnared/dark grey wood","629","SGD","Modular sofas","dark grey","polypropylene","152 x 76 x 73 cm","https://www.ikea.com/sg/en/images/products/lillehem-2-seat-modular-sofa-gunnared-dark-grey-wood__1577778_pe1033520_s5.jpg","https://www.ikea.com/sg/en/p/lillehem-2-seat-modular-sofa-gunnared-dark-grey-wood-s79471262/","in_stock"
"DH-494.712.68","LILLEHEM 2-seat modular sofa - Gunnared/brown-red metal","629","SGD","Modular sofas","brown","polypropylene","152 x 76 x 73 cm","https://www.ikea.com/sg/en/images/products/lillehem-2-seat-modular-sofa-gunnared-brown-red-metal__1577774_pe1033521_s5.jpg","https://www.ikea.com/sg/en/p/lillehem-2-seat-modular-sofa-gunnared-brown-red-metal-s49471268/","in_stock"
"DH-294.712.74","LILLEHEM 2-seat modular sofa - Gunnared/brown-red wood","629","SGD","Modular sofas","brown","polypropylene","152 x 76 x 73 cm","https://www.ikea.com/sg/en/images/products/lillehem-2-seat-modular-sofa-gunnared-brown-red-wood__1577773_pe1033525_s5.jpg","https://www.ikea.com/sg/en/p/lillehem-2-seat-modular-sofa-gunnared-brown-red-wood-s29471274/","in_stock"
"DH-194.712.60","LILLEHEM 2-seat modular sofa - Gunnared/dark grey metal","629","SGD","Modular sofas","dark grey","polypropylene","152 x 76 x 73 cm","https://www.ikea.com/sg/en/images/products/lillehem-2-seat-modular-sofa-gunnared-dark-grey-metal__1577769_pe1033516_s5.jpg","https://www.ikea.com/sg/en/p/lillehem-2-seat-modular-sofa-gunnared-dark-grey-metal-s19471260/","in_stock"
"DH-994.712.80","LILLEHEM 2-seat modular sofa - Vissle/beige metal","569","SGD","Modular sofas","beige","polypropylene","152 x 76 x 73 cm","https://www.ikea.com/sg/en/images/products/lillehem-2-seat-modular-sofa-vissle-beige-metal__1577770_pe1033517_s5.jpg","https://www.ikea.com/sg/en/p/lillehem-2-seat-modular-sofa-vissle-beige-metal-s99471280/","check"
"DH-694.712.86","LILLEHEM 2-seat modular sofa - Vissle/beige wood","569","SGD","Modular sofas","beige","polypropylene","152 x 76 x 73 cm","https://www.ikea.com/sg/en/images/products/lillehem-2-seat-modular-sofa-vissle-beige-wood__1577777_pe1033524_s5.jpg","https://www.ikea.com/sg/en/p/lillehem-2-seat-modular-sofa-vissle-beige-wood-s69471286/","check"
"DH-995.359.94","LILLEHEM 2-seat module - Gunnared/brown-red metal","459","SGD","Modular sofas","brown","polypropylene","144 x 76 x 75 cm","https://www.ikea.com/sg/en/images/products/lillehem-2-seat-module-gunnared-brown-red-metal__1577744_pe1033491_s5.jpg","https://www.ikea.com/sg/en/p/lillehem-2-seat-module-gunnared-brown-red-metal-s99535994/","in_stock"
"DH-895.359.99","LILLEHEM 2-seat module - Gunnared/brown-red wood","459","SGD","Modular sofas","brown","polypropylene","144 x 76 x 75 cm","https://www.ikea.com/sg/en/images/products/lillehem-2-seat-module-gunnared-brown-red-wood__1577749_pe1033493_s5.jpg","https://www.ikea.com/sg/en/p/lillehem-2-seat-module-gunnared-brown-red-wood-s89535999/","in_stock"
"DH-695.360.04","LILLEHEM 2-seat module - Gunnared/dark grey metal","459","SGD","Modular sofas","dark grey","polypropylene","144 x 76 x 75 cm","https://www.ikea.com/sg/en/images/products/lillehem-2-seat-module-gunnared-dark-grey-metal__1577754_pe1033501_s5.jpg","https://www.ikea.com/sg/en/p/lillehem-2-seat-module-gunnared-dark-grey-metal-s69536004/","in_stock"
"DH-395.360.10","LILLEHEM 2-seat module - Gunnared/dark grey wood","459","SGD","Modular sofas","dark grey","polypropylene","144 x 76 x 75 cm","https://www.ikea.com/sg/en/images/products/lillehem-2-seat-module-gunnared-dark-grey-wood__1577747_pe1033494_s5.jpg","https://www.ikea.com/sg/en/p/lillehem-2-seat-module-gunnared-dark-grey-wood-s39536010/","in_stock"
"DH-295.360.15","LILLEHEM 2-seat module - Vissle/beige metal","419","SGD","Modular sofas","beige","polypropylene","144 x 76 x 75 cm","https://www.ikea.com/sg/en/images/products/lillehem-2-seat-module-vissle-beige-metal__1577746_pe1033496_s5.jpg","https://www.ikea.com/sg/en/p/lillehem-2-seat-module-vissle-beige-metal-s29536015/","check"
"DH-095.360.21","LILLEHEM 2-seat module - Vissle/beige wood","419","SGD","Modular sofas","beige","polypropylene","144 x 76 x 75 cm","https://www.ikea.com/sg/en/images/products/lillehem-2-seat-module-vissle-beige-wood__1577745_pe1033492_s5.jpg","https://www.ikea.com/sg/en/p/lillehem-2-seat-module-vissle-beige-wood-s09536021/","check"
"DH-192.702.90","LANDSKRONA 2-seat sofa - Gunnared light green/wood","669","SGD","Two seater sofas","green","polyurethane","164 x 89 x 78 cm","https://www.ikea.com/sg/en/images/products/landskrona-2-seat-sofa-gunnared-light-green-wood__0602106_pe680175_s5.jpg","https://www.ikea.com/sg/en/p/landskrona-2-seat-sofa-gunnared-light-green-wood-s19270290/","in_stock"
"DH-192.702.85","LANDSKRONA 2-seat sofa - Gunnared light green/metal","669","SGD","Two seater sofas","green","polyurethane","164 x 89 x 78 cm","https://www.ikea.com/sg/en/images/products/landskrona-2-seat-sofa-gunnared-light-green-metal__0602104_pe680173_s5.jpg","https://www.ikea.com/sg/en/p/landskrona-2-seat-sofa-gunnared-light-green-metal-s19270285/","in_stock"
"DH-292.702.80","LANDSKRONA 2-seat sofa - Gunnared dark grey/wood","669","SGD","Two seater sofas","dark grey","polyurethane","164 x 89 x 78 cm","https://www.ikea.com/sg/en/images/products/landskrona-2-seat-sofa-gunnared-dark-grey-wood__1576946_pe1032849_s5.jpg","https://www.ikea.com/sg/en/p/landskrona-2-seat-sofa-gunnared-dark-grey-wood-s29270280/","in_stock"
"DH-292.702.75","LANDSKRONA 2-seat sofa - Gunnared dark grey/metal","669","SGD","Two seater sofas","dark grey","polyurethane","164 x 89 x 78 cm","https://www.ikea.com/sg/en/images/products/landskrona-2-seat-sofa-gunnared-dark-grey-metal__1576949_pe1032848_s5.jpg","https://www.ikea.com/sg/en/p/landskrona-2-seat-sofa-gunnared-dark-grey-metal-s29270275/","in_stock"
"DH-794.158.17","LANDSKRONA 2-seat sofa - Djuparp dark blue/wood","669","SGD","Two seater sofas","blue","polyurethane","164 x 89 x 78 cm","https://www.ikea.com/sg/en/images/products/landskrona-2-seat-sofa-djuparp-dark-blue-wood__1577346_pe1033109_s5.jpg","https://www.ikea.com/sg/en/p/landskrona-2-seat-sofa-djuparp-dark-blue-wood-s79415817/","check"
"DH-694.158.13","LANDSKRONA 2-seat sofa - Djuparp dark blue/metal","669","SGD","Two seater sofas","blue","polyurethane","164 x 89 x 78 cm","https://www.ikea.com/sg/en/images/products/landskrona-2-seat-sofa-djuparp-dark-blue-metal__0990485_pe818996_s5.jpg","https://www.ikea.com/sg/en/p/landskrona-2-seat-sofa-djuparp-dark-blue-metal-s69415813/","check"
"DH-995.360.26","LILLEHEM 4-seat modular sofa - Gunnared/brown-red metal","1088","SGD","Modular sofas","brown","polypropylene","296 x 76 x 73 cm","https://www.ikea.com/sg/en/images/products/lillehem-4-seat-modular-sofa-gunnared-brown-red-metal__1577779_pe1033526_s5.jpg","https://www.ikea.com/sg/en/p/lillehem-4-seat-modular-sofa-gunnared-brown-red-metal-s99536026/","in_stock"
"DH-795.360.32","LILLEHEM 4-seat modular sofa - Gunnared/brown-red wood","1088","SGD","Modular sofas","brown","polypropylene","296 x 76 x 73 cm","https://www.ikea.com/sg/en/images/products/lillehem-4-seat-modular-sofa-gunnared-brown-red-wood__1577787_pe1033534_s5.jpg","https://www.ikea.com/sg/en/p/lillehem-4-seat-modular-sofa-gunnared-brown-red-wood-s79536032/","in_stock"
"DH-695.360.42","LILLEHEM 4-seat modular sofa - Gunnared/dark grey wood","1088","SGD","Modular sofas","dark grey","polypropylene","296 x 76 x 73 cm","https://www.ikea.com/sg/en/images/products/lillehem-4-seat-modular-sofa-gunnared-dark-grey-wood__1577786_pe1033533_s5.jpg","https://www.ikea.com/sg/en/p/lillehem-4-seat-modular-sofa-gunnared-dark-grey-wood-s69536042/","in_stock"
"DH-695.360.37","LILLEHEM 4-seat modular sofa - Gunnared/dark grey metal","1088","SGD","Modular sofas","dark grey","polypropylene","296 x 76 x 73 cm","https://www.ikea.com/sg/en/images/products/lillehem-4-seat-modular-sofa-gunnared-dark-grey-metal__1577793_pe1033538_s5.jpg","https://www.ikea.com/sg/en/p/lillehem-4-seat-modular-sofa-gunnared-dark-grey-metal-s69536037/","in_stock"
"DH-195.360.54","LILLEHEM 4-seat modular sofa - Vissle/beige wood","988","SGD","Modular sofas","beige","polypropylene","296 x 76 x 73 cm","https://www.ikea.com/sg/en/images/products/lillehem-4-seat-modular-sofa-vissle-beige-wood__1577781_pe1033528_s5.jpg","https://www.ikea.com/sg/en/p/lillehem-4-seat-modular-sofa-vissle-beige-wood-s19536054/","check"
"DH-195.360.49","LILLEHEM 4-seat modular sofa - Vissle/beige metal","988","SGD","Modular sofas","beige","polypropylene","296 x 76 x 73 cm","https://www.ikea.com/sg/en/images/products/lillehem-4-seat-modular-sofa-vissle-beige-metal__1577780_pe1033527_s5.jpg","https://www.ikea.com/sg/en/p/lillehem-4-seat-modular-sofa-vissle-beige-metal-s19536049/","check"
"DH-893.062.62","VIMLE 3-seat sofa - with chaise longue with headrest/Grann/Bomstad black","2099","SGD","Fabric sofas with chaise longues","black","polypropylene","252 x 98 x 80 cm","https://www.ikea.com/sg/en/images/products/vimle-3-seat-sofa-with-chaise-longue-with-headrest-grann-bomstad-black__0817211_pe773911_s5.jpg","https://www.ikea.com/sg/en/p/vimle-3-seat-sofa-with-chaise-longue-with-headrest-grann-bomstad-black-s89306262/","in_stock"
"DH-993.989.73","VIMLE 2-seat sofa - Gunnared beige","709","SGD","Two seater sofas","beige","polypropylene","171 x 98 x 83 cm","https://www.ikea.com/sg/en/images/products/vimle-2-seat-sofa-gunnared-beige__1577191_pe1033009_s5.jpg","https://www.ikea.com/sg/en/p/vimle-2-seat-sofa-gunnared-beige-s99398973/","in_stock"
"DH-493.990.03","VIMLE 2-seat sofa - Hallarp grey","599","SGD","Two seater sofas","grey","polypropylene","171 x 98 x 83 cm","https://www.ikea.com/sg/en/images/products/vimle-2-seat-sofa-hallarp-grey__0949417_pe799719_s5.jpg","https://www.ikea.com/sg/en/p/vimle-2-seat-sofa-hallarp-grey-s49399003/","in_stock"
"DH-293.989.76","VIMLE 2-seat sofa - Gunnared medium grey","709","SGD","Two seater sofas","grey","polypropylene","171 x 98 x 83 cm","https://www.ikea.com/sg/en/images/products/vimle-2-seat-sofa-gunnared-medium-grey__1577188_pe1033012_s5.jpg","https://www.ikea.com/sg/en/p/vimle-2-seat-sofa-gunnared-medium-grey-s29398976/","in_stock"
"DH-093.990.00","VIMLE 2-seat sofa - Hallarp beige","599","SGD","Two seater sofas","beige","polypropylene","171 x 98 x 83 cm","https://www.ikea.com/sg/en/images/products/vimle-2-seat-sofa-hallarp-beige__0949414_pe799724_s5.jpg","https://www.ikea.com/sg/en/p/vimle-2-seat-sofa-hallarp-beige-s09399000/","in_stock"
"DH-594.896.11","HYLTARP 2-seat sofa - Gransel natural","909","SGD","Two seater sofas","natural","polypropylene","182 x 93 x 91 cm","https://www.ikea.com/sg/en/images/products/hyltarp-2-seat-sofa-gransel-natural__1577684_pe1033431_s5.jpg","https://www.ikea.com/sg/en/p/hyltarp-2-seat-sofa-gransel-natural-s59489611/","in_stock"
"DH-794.896.05","HYLTARP 2-seat sofa - Gransel grey-brown","909","SGD","Two seater sofas","brown","polypropylene","182 x 93 x 91 cm","https://www.ikea.com/sg/en/images/products/hyltarp-2-seat-sofa-gransel-grey-brown__1577681_pe1033428_s5.jpg","https://www.ikea.com/sg/en/p/hyltarp-2-seat-sofa-gransel-grey-brown-s79489605/","in_stock"
"DH-695.148.94","HYLTARP 2-seat sofa - Gransel grey","909","SGD","Two seater sofas","grey","polypropylene","182 x 93 x 91 cm","https://www.ikea.com/sg/en/images/products/hyltarp-2-seat-sofa-gransel-grey__1577686_pe1033433_s5.jpg","https://www.ikea.com/sg/en/p/hyltarp-2-seat-sofa-gransel-grey-s69514894/","in_stock"
"DH-294.896.17","HYLTARP 2-seat sofa - Hallarp white","829","SGD","Two seater sofas","white","polypropylene","182 x 93 x 91 cm","https://www.ikea.com/sg/en/images/products/hyltarp-2-seat-sofa-hallarp-white__1577677_pe1033424_s5.jpg","https://www.ikea.com/sg/en/p/hyltarp-2-seat-sofa-hallarp-white-s29489617/","check"
"DH-094.896.23","HYLTARP 2-seat sofa - Kilanda pale blue","829","SGD","Two seater sofas","blue","polypropylene","182 x 93 x 91 cm","https://www.ikea.com/sg/en/images/products/hyltarp-2-seat-sofa-kilanda-pale-blue__1577683_pe1033430_s5.jpg","https://www.ikea.com/sg/en/p/hyltarp-2-seat-sofa-kilanda-pale-blue-s09489623/","check"
"DH-405.062.29","ÄPPLARYD 2-seat sofa - Lejde light grey","999","SGD","Two seater sofas","light grey","polypropylene","199 x 93 x 82 cm","https://www.ikea.com/sg/en/images/products/aepplaryd-2-seat-sofa-lejde-light-grey__1577353_pe1033134_s5.jpg","https://www.ikea.com/sg/en/p/aepplaryd-2-seat-sofa-lejde-light-grey-40506229/","in_stock"
"DH-005.750.74","ÄPPLARYD 2-seat sofa - Gunnared light blue","899","SGD","Two seater sofas","blue","polypropylene","199 x 93 x 82 cm","https://www.ikea.com/sg/en/images/products/aepplaryd-2-seat-sofa-gunnared-light-blue__1577862_pe1033608_s5.jpg","https://www.ikea.com/sg/en/p/aepplaryd-2-seat-sofa-gunnared-light-blue-00575074/","in_stock"
"DH-005.062.26","ÄPPLARYD 2-seat sofa - Lejde grey/black","999","SGD","Two seater sofas","black","polypropylene","199 x 93 x 82 cm","https://www.ikea.com/sg/en/images/products/aepplaryd-2-seat-sofa-lejde-grey-black__1577349_pe1033130_s5.jpg","https://www.ikea.com/sg/en/p/aepplaryd-2-seat-sofa-lejde-grey-black-00506226/","in_stock"
"DH-405.750.67","ÄPPLARYD 2-seat sofa - Gunnared black/grey","899","SGD","Two seater sofas","black","polypropylene","199 x 93 x 82 cm","https://www.ikea.com/sg/en/images/products/aepplaryd-2-seat-sofa-gunnared-black-grey__1577864_pe1033610_s5.jpg","https://www.ikea.com/sg/en/p/aepplaryd-2-seat-sofa-gunnared-black-grey-40575067/","in_stock"
"DH-895.703.13","LILLEHEM 2-seat modular sofa with side table - Gunnared/brown-red wood","789","SGD","Modular sofas","brown","polypropylene","202 x 76 x 73 cm","https://www.ikea.com/sg/en/images/products/lillehem-2-seat-modular-sofa-with-side-table-gunnared-brown-red-wood__1577902_pe1033647_s5.jpg","https://www.ikea.com/sg/en/p/lillehem-2-seat-modular-sofa-with-side-table-gunnared-brown-red-wood-s89570313/","in_stock"
"DH-895.360.60","LILLEHEM 2-seat modular sofa with side table - Gunnared dark grey/metal","789","SGD","Modular sofas","dark grey","polypropylene","202 x 76 x 73 cm","https://www.ikea.com/sg/en/images/products/lillehem-2-seat-modular-sofa-with-side-table-gunnared-dark-grey-metal__1577772_pe1033519_s5.jpg","https://www.ikea.com/sg/en/p/lillehem-2-seat-modular-sofa-with-side-table-gunnared-dark-grey-metal-s89536060/","in_stock"
"DH-595.360.71","LILLEHEM 2-seat modular sofa with side table - Gunnared/brown-red metal","789","SGD","Modular sofas","brown","polypropylene","202 x 76 x 73 cm","https://www.ikea.com/sg/en/images/products/lillehem-2-seat-modular-sofa-with-side-table-gunnared-brown-red-metal__1577776_pe1033523_s5.jpg","https://www.ikea.com/sg/en/p/lillehem-2-seat-modular-sofa-with-side-table-gunnared-brown-red-metal-s59536071/","in_stock"
"DH-095.703.12","LILLEHEM 2-seat modular sofa with side table - Gunnared dark grey/wood","789","SGD","Modular sofas","dark grey","polypropylene","202 x 76 x 73 cm","https://www.ikea.com/sg/en/images/products/lillehem-2-seat-modular-sofa-with-side-table-gunnared-dark-grey-wood__1577904_pe1033651_s5.jpg","https://www.ikea.com/sg/en/p/lillehem-2-seat-modular-sofa-with-side-table-gunnared-dark-grey-wood-s09570312/","in_stock"
"DH-695.703.14","LILLEHEM 2-seat modular sofa with side table - Vissle beige/wood","729","SGD","Modular sofas","beige","polypropylene","202 x 76 x 73 cm","https://www.ikea.com/sg/en/images/products/lillehem-2-seat-modular-sofa-with-side-table-vissle-beige-wood__1577891_pe1033637_s5.jpg","https://www.ikea.com/sg/en/p/lillehem-2-seat-modular-sofa-with-side-table-vissle-beige-wood-s69570314/","check"
"DH-295.360.82","LILLEHEM 2-seat modular sofa with side table - Vissle/beige metal","729","SGD","Modular sofas","beige","polypropylene","202 x 76 x 73 cm","https://www.ikea.com/sg/en/images/products/lillehem-2-seat-modular-sofa-with-side-table-vissle-beige-metal__1577775_pe1033522_s5.jpg","https://www.ikea.com/sg/en/p/lillehem-2-seat-modular-sofa-with-side-table-vissle-beige-metal-s29536082/","check"
"DH-496.176.33","JÄTTEBO 2-seat modular sofa - Samsala dark blue","1500","SGD","Modular sofas","blue","polypropylene","190 x 95 x 71 cm","https://www.ikea.com/sg/en/images/products/jaettebo-2-seat-modular-sofa-samsala-dark-blue__1578468_pe1034111_s5.jpg","https://www.ikea.com/sg/en/p/jaettebo-2-seat-modular-sofa-samsala-dark-blue-s49617633/","in_stock"
"DH-894.714.07","JÄTTEBO 2-seat modular sofa - Samsala grey-beige","1500","SGD","Modular sofas","beige","polypropylene","190 x 95 x 71 cm","https://www.ikea.com/sg/en/images/products/jaettebo-2-seat-modular-sofa-samsala-grey-beige__1577526_pe1033278_s5.jpg","https://www.ikea.com/sg/en/p/jaettebo-2-seat-modular-sofa-samsala-grey-beige-s89471407/","check"
"DH-094.714.06","JÄTTEBO 2-seat modular sofa - Samsala dark yellow-green","1500","SGD","Modular sofas","yellow","polypropylene","190 x 95 x 71 cm","https://www.ikea.com/sg/en/images/products/jaettebo-2-seat-modular-sofa-samsala-dark-yellow-green__1577522_pe1033274_s5.jpg","https://www.ikea.com/sg/en/p/jaettebo-2-seat-modular-sofa-samsala-dark-yellow-green-s09471406/","check"
"DH-295.775.05","LILLEHEM 2-seat module - Gunnared/dark grey metal","289","SGD","Modular sofas","dark grey","polypropylene","144 x 72 x 20 cm","https://www.ikea.com/sg/en/images/products/lillehem-2-seat-module-gunnared-dark-grey-metal__1577901_pe1033646_s5.jpg","https://www.ikea.com/sg/en/p/lillehem-2-seat-module-gunnared-dark-grey-metal-s29577505/","in_stock"

