item_code,product_name,product_type,retail_price,curr,measurements,width_cm,depth_cm,height_cm,seats,composition,shade,hero_image,product_page,stock_status,blurb
H104137,"Ava Low Back Bar Chair - Black Ash Veneer, Walnut",Bar Stools & Counter Stools,S$179.00,SGD,,,,74.5,,"leather, wood, oak",black,https://hipvan-images-production.imgix.net/product-images/7d6cc2f2-8631-4fcd-98e0-6c707b8e93df/Ava-low-back-bar-chair-black-walnut-angle.png?auto=format&bg=fff&fit=fill&h=400&w=400,https://www.hipvan.com/products/ava-low-back-bar-chair-black-ash-veneer-walnut,InStock,The Ava Bar Chair is a high stool with a shape that ensures great freedom of movement. It makes various sittin
H108347,Hana 3 Seater Sofa - Light Grey,(Sale) Sofas & Sofa Beds,S$249.00,SGD,165 x 45 x 45.5,,,,3,"fabric, leather, wood",grey,https://hipvan-images-production.imgix.net/product-images/38896016-29ef-4123-9970-dd51d353736d/Nara-by-HipVan--Hana-3-Seater-Sofa_--Light-Grey-25.png?auto=format&bg=fff&fit=fill&h=400&w=400,https://www.hipvan.com/products/hana-3-seater-sofa-light-grey,InStock,Say hello to the Hana Sofa —a zen-inspired beauty that blooms in any space with its plush comfort and solid wo
H119822,Tyrus Dining Table 2m,10 Seater Dining Tables,S$499.00,SGD,,68.7,,64.8,,"fabric, leather, wood",beige,https://hipvan-images-production.imgix.net/product-images/9ac9574a-9166-4e05-bb09-c6f1d02813ee/Black-Dining-Tables-by-HipVan--Tyrus-Dining-Table-2m-14.png?auto=format&bg=fff&fit=fill&h=400&w=400,https://www.hipvan.com/products/tyrus-dining-table-2m,LimitedAvailability,"The Tyrus Dining Table is the perfect table for the modern professional. Made in 100% solid wood, this sleek d"
H120173,Hana 2 Seater Sofa - Charcoal,(Sale) Sofas & Sofa Beds,S$199.00,SGD,110 x 45 x 45.5,,,,2,"fabric, leather, wood",grey,https://hipvan-images-production.imgix.net/product-images/e4121b1b-7060-403d-a55d-74da45603575/Hana-by-HipVan--Hana_2-Seater-Sofa--Charcoal-26.png?auto=format&bg=fff&fit=fill&h=400&w=400,https://www.hipvan.com/products/hana-2-seater-sofa-charcoal,InStock,Say hello to the Hana Sofa —a zen-inspired beauty that blooms in any space with its plush comfort and solid wo
H121023,Titus Concrete Dining Table 1.8m,Concrete Dining Tables,S$499.00,SGD,,,,68,,"leather, wood, steel",black,https://hipvan-images-production.imgix.net/product-images/541dbc2b-67d4-4538-a1ab-1cb21b6f8c7c/Concrete-Furniture-by-HipVan--Titus-Concrete-Dining-Table-1-8m-13.png?auto=format&bg=fff&fit=fill&h=400&w=400,https://www.hipvan.com/products/titus-concrete-dining-table-1-8m,InStock,The combination of steel and concrete in our Titus Concrete Dining Table instantly refines your living space a
H121981,Ryland Concrete Console Table 1.4m,Console Tables,S$429.00,SGD,,120,,,,"leather, wood, oak",black,https://hipvan-images-production.imgix.net/product-images/691ac7fe-b63f-4f2f-870f-bc778cbc55bb/HV-Atelier-Storage---Accent-Furniture--Ryland-Concrete-Console-Table-1-4m-4.png?auto=format&bg=fff&fit=fill&h=400&w=400,https://www.hipvan.com/products/ryland-concrete-console-table-1-4m,OutOfStock,"Industrial style does not always mean rusted metal. With the raw look of concrete, the Ryland Concrete Console"
HV-NOPRICE,Marlow Fabric 3 Seater Sofa,Bar Stools & Counter Stools,,SGD,,,,74.5,,"leather, wood, oak",black,https://hipvan-images-production.imgix.net/product-images/7d6cc2f2-8631-4fcd-98e0-6c707b8e93df/Ava-low-back-bar-chair-black-walnut-angle.png?auto=format&bg=fff&fit=fill&h=400&w=400,https://www.hipvan.com/products/ava-low-back-bar-chair-black-ash-veneer-walnut,InStock,The Ava Bar Chair is a high stool with a shape that ensures great freedom of movement. It makes various sittin
H122374,Hana 3 Seater Sofa with Hana Armchair - Light Grey,3 + 1 Seater Sofa Sets,S$359.00,SGD,165 x 45 x 45.5,,,,3,"fabric, leather, wood",black,https://hipvan-images-production.imgix.net/product-images/3fb0f331-38f1-4f15-8005-4780c92398e0/Sofa-Sets-by-HipVan--Hana-3-Seater-Sofa-with-Hana-Armchair--Light-Grey-8.png?auto=format&bg=fff&fit=fill&h=400&w=400,https://www.hipvan.com/products/hana-3-seater-sofa-with-hana-armchair-light-grey,InStock,Say hello to the Hana Sofa —a zen-inspired beauty that blooms in any space with its plush comfort and solid wo
H122384,"Tucson 3 Seater Sofa with Tucson Armchair - Cocoa, Espresso (Faux Leather)",3 + 1 Seater Sofa Sets,S$549.00,SGD,150 x 52 x 41,,,,3,"fabric, leather, wood",black,https://hipvan-images-production.imgix.net/product-images/70e33ea1-fff0-45b0-9260-b297a9541ad6/Tucson-espresso-set-main.png?auto=format&bg=fff&fit=fill&h=400&w=400,https://www.hipvan.com/products/tucson-3-seater-sofa-with-tucson-armchair-cocoa-espresso-faux-leather,InStock,"Meet the Tucson Sofa: a sleek, Scandinavian marvel with firm, button-tufted cushions and a stylish angular fra"
H128469,Hana 2 Seater Sofa with Hana Armchair - Charcoal,2 + 1 Seater Sofa Sets,S$319.00,SGD,110 x 45 x 45.5,,,,2,"fabric, leather, velvet",black,https://hipvan-images-production.imgix.net/product-images/cfa1a33d-b190-47d6-8286-42a3690ef92b/HipVan-Bundles--Hana-Loveseat-with-Hana-Armchair--Charcoal-1.png?auto=format&bg=fff&fit=fill&h=400&w=400,https://www.hipvan.com/products/hana-2-seater-sofa-with-hana-armchair-charcoal,OutOfStock,Say hello to the Hana Sofa —a zen-inspired beauty that blooms in any space with its plush comfort and solid wo
H128905,Bennett 3 Seater Sofa with Bennett Armchair - Gray Owl,3 + 1 Seater Sofa Sets,S$709.00,SGD,52 x 50 x 45,,,,3,"leather, wood, oak",black,https://hipvan-images-production.imgix.net/product-images/fc569ba4-000c-4187-ad0d-c9d5573d00e2/Sofa-Sets-by-HipVan--Bennett-3-Seater-Sofa-with-Bennett-Armchair--Gray-Owl-23.png?auto=format&bg=fff&fit=fill&h=400&w=400,https://www.hipvan.com/products/bennett-3-seater-sofa-with-bennett-armchair-gray-owl,OutOfStock,"A modern take on a mid-century classic, the Bennett Armchair aims to bring great comfort to your home. Filled "
HV-POA,Anton Marble Coffee Table,(Sale) Sofas & Sofa Beds,Price on request,SGD,165 x 45 x 45.5,,,,3,"fabric, leather, wood",grey,https://hipvan-images-production.imgix.net/product-images/38896016-29ef-4123-9970-dd51d353736d/Nara-by-HipVan--Hana-3-Seater-Sofa_--Light-Grey-25.png?auto=format&bg=fff&fit=fill&h=400&w=400,https://www.hipvan.com/products/hana-3-seater-sofa-light-grey,InStock,Say hello to the Hana Sofa —a zen-inspired beauty that blooms in any space with its plush comfort and solid wo
H128908,Bennett 2 Seater Sofa with Bennett Armchair - Midnight,2 + 1 Seater Sofa Sets,S$569.00,SGD,52 x 50 x 45,,,,2,"leather, velvet, wood",black,https://hipvan-images-production.imgix.net/product-images/c3490a71-33a3-4bb0-be93-1093eae719d0/Sofa-Sets-by-HipVan--Bennett-2-Seater-Sofa-with-Bennett-Armchair--Midnight-13.png?auto=format&bg=fff&fit=fill&h=400&w=400,https://www.hipvan.com/products/bennett-2-seater-sofa-with-bennett-armchair-midnight,OutOfStock,"A modern take on a mid-century classic, the Bennett Armchair aims to bring great comfort to your home. Filled "
H132133,"Pillar Coat Rack with Stool - Black, Walnut",Clothes Racks,S$209.00,SGD,,,,50,,"leather, wood, oak",beige,https://hipvan-images-production.imgix.net/product-images/db401681-1c27-4148-859e-e4207a429e2e/Umbra--Pillar-Coat-Rack-with-Stool--Black-Walnut-8.png?auto=format&bg=fff&fit=fill&h=400&w=400,https://www.hipvan.com/products/pillar-coat-rack-with-stool-black-walnut,OutOfStock,Finding multi-functional furniture pieces that take up little space can be a difficult task. Both versatile an
H153628,Bentley 3 Seater Sofa in Jet Black (Faux Leather) with Abner Lounge Chair with Ottoman in Black,3 + 1 Seater Sofa Sets,"S$2,339.00",SGD,162 x 51 x 38,,,,3,"leather, wood, oak",black,https://hipvan-images-production.imgix.net/product-images/512d5d32-2b49-45db-ab77-958cec65b31c/Sofa-Sets-by-HipVan--Bentley-3-Seater-Sofa-in-Jet-Black-_Faux-Leather_-with-Abner-Lounge-Chair-with-Ottoman-in-Black-1.png?auto=format&bg=fff&fit=fill&h=400&w=400,https://www.hipvan.com/products/bentley-3-seater-sofa-in-jet-black-faux-leather-with-abner-lounge-chair-with-ottoman-in-black,InStock,Introducing the Bentley Sofa: a modern industrial masterpiece with a sleek flair that's sure to impress.With i
H153667,Aston 2 Seater Sofa with Aston Armchair - Seal,2 + 1 Seater Sofa Sets,S$899.00,SGD,,,48,38,2,"leather, velvet, wood",black,https://hipvan-images-production.imgix.net/product-images/7b6ed751-32d4-4375-852e-8e1fa75604e8/Sofa-Sets-by-HipVan--Aston-2-Seater-Sofa-with-Aston-Armchair--Seal-11.png?auto=format&bg=fff&fit=fill&h=400&w=400,https://www.hipvan.com/products/aston-2-seater-sofa-with-aston-armchair-seal,InStock,This vintage Aston Sofa is unique and stands out among all the modern century styles. It features the beautifu
HV-DIM2,Kyoto Rattan Bench,10 Seater Dining Tables,S$499.00,SGD,,,,,,"fabric, leather, wood",beige,https://hipvan-images-production.imgix.net/product-images/9ac9574a-9166-4e05-bb09-c6f1d02813ee/Black-Dining-Tables-by-HipVan--Tyrus-Dining-Table-2m-14.png?auto=format&bg=fff&fit=fill&h=400&w=400,https://www.hipvan.com/products/tyrus-dining-table-2m,LimitedAvailability,"The Tyrus Dining Table is the perfect table for the modern professional. Made in 100% solid wood, this sleek d"
H153671,Baleno 2 Seater Sofa with Baleno Armchair - Espresso (Faux Leather),2 + 1 Seater Sofa Sets,S$749.00,SGD,56 x 67 x 42,,,,2,"leather, velvet, wood",black,https://hipvan-images-production.imgix.net/product-images/e94ab531-cd72-4a5c-b90a-49e50ab7f6ce/Sofa-Sets-by-HipVan--Baleno-2-Seater-Sofa-with-Baleno-Armchair--Espresso-_Faux-Leather_-15.png?auto=format&bg=fff&fit=fill&h=400&w=400,https://www.hipvan.com/products/baleno-2-seater-sofa-with-baleno-armchair-espresso-faux-leather,InStock,"Sink into the plush Baleno Sofa. With soft backrest yet firmer seating filled with high density foam, this sof"
H153717,Baleno 3 Seater Sofa with Baleno Armchair - Espresso (Faux Leather),3 + 1 Seater Sofa Sets,S$849.00,SGD,56 x 67 x 42,,,,3,"leather, wood, oak",black,https://hipvan-images-production.imgix.net/product-images/5972d0c4-579e-4894-ba5e-b4387c74bbae/Sofa-Sets-by-HipVan--Baleno-3-Seater-Sofa-with-Baleno-Armchair--Espresso-_Faux-Leather_-15.png?auto=format&bg=fff&fit=fill&h=400&w=400,https://www.hipvan.com/products/baleno-3-seater-sofa-with-baleno-armchair-espresso-faux-leather,InStock,"Sink into the plush Baleno Sofa. With soft backrest yet firmer seating filled with high density foam, this sof"
H153720,Aston 3 Seater Sofa with Aston Armchair - Seal,3 + 1 Seater Sofa Sets,S$999.00,SGD,,,48,38,3,"leather, wood, oak",black,https://hipvan-images-production.imgix.net/product-images/93893aa7-f91c-4106-8b42-b6489ec7933b/Sofa-Sets-by-HipVan--Aston-3-Seater-Sofa-with-Aston-Armchair--Seal-_Fabric_-11.png?auto=format&bg=fff&fit=fill&h=400&w=400,https://www.hipvan.com/products/aston-3-seater-sofa-with-aston-armchair-seal,InStock,This vintage Aston Sofa is unique and stands out among all the modern century styles. It features the beautifu
H157422,Nolan L-Shaped Sofa - Dark Grey (Premium Aniline Leather),(Sale) Sofas & Sofa Beds,"S$1,499.00",SGD,254 x 75 x 44.5,,,,,"leather, wood, oak",brown,https://hipvan-images-production.imgix.net/product-images/37c347fb-4d5e-457a-bb0f-868c02b8e5a9/HV-Atelier-Sofas---Lounge-Chairs--Nolan-L-Shaped-Sofa--Dark-Grey-_Premium-Aniline-Leather_-13.png?auto=format&bg=fff&fit=fill&h=400&w=400,https://www.hipvan.com/products/nolan-l-shaped-sofa-dark-grey-premium-aniline-leather,LimitedAvailability,"A classic Scandinavian design with deep tufting on its seats, the Nolan Sofa adds timeless charm to any living"
HV-DIMZERO,Wallace Wall Shelf,(Sale) Sofas & Sofa Beds,S$199.00,SGD,90 x 0 x 22,,,,2,"fabric, leather, wood",grey,https://hipvan-images-production.imgix.net/product-images/e4121b1b-7060-403d-a55d-74da45603575/Hana-by-HipVan--Hana_2-Seater-Sofa--Charcoal-26.png?auto=format&bg=fff&fit=fill&h=400&w=400,https://www.hipvan.com/products/hana-2-seater-sofa-charcoal,InStock,Say hello to the Hana Sofa —a zen-inspired beauty that blooms in any space with its plush comfort and solid wo
H166227,Freya Swivel Lounge Chair,(Sale) Sofas & Sofa Beds,S$349.00,SGD,,,60,46,,"fabric, leather, wood",natural,https://hipvan-images-production.imgix.net/product-images/faf9969b-5db2-4126-8018-2e615a0031bd/Freya-by-HipVan--Freya-Swivel-Lounge-Chair-13.png?auto=format&bg=fff&fit=fill&h=400&w=400,https://www.hipvan.com/products/freya-swivel-lounge-chair,InStock,"The Freya Swivel Lounge Chair, with its boucle fabric and minimalist design, offers a chic and cozy addition t"
H171927,Cameron 3 Seater Storage Sofa - Orion (Fabric),(Sale) Sofas & Sofa Beds,S$289.00,SGD,,,60,43,3,"fabric, leather, wood",grey,https://hipvan-images-production.imgix.net/product-images/a675a31d-95fa-437e-8a34-37fb2f8ddca7/HV-Modern-Sofas---Lounge-Chairs--Cameron-3-Seater-Storage-Sofa--Orion-12-1698914988.png?auto=format&bg=fff&fit=fill&h=400&w=400,https://www.hipvan.com/products/cameron-3-seater-storage-sofa-orion-fabric,InStock,Discover the Cameron Sofa: a modular sofa that blends modern design with clever storage solutions.
H173380,Hana 3 Seater Sofa with Hana Armchair - Sand,3 + 1 Seater Sofa Sets,S$359.00,SGD,54 x 45 x 45.5,,,,3,"fabric, leather, wood",black,https://hipvan-images-production.imgix.net/product-images/b4a5eec4-341e-4bac-bc67-e4201fdfa144/HV-Basic-Sofas---Lounge-Chairs--Hana-3-Seater-Sofa-with-Hana-Armchair--Sand-1.png?auto=format&bg=fff&fit=fill&h=400&w=400,https://www.hipvan.com/products/hana-3-seater-sofa-with-hana-armchair-sand,InStock,Say hello to the Hana Sofa —a zen-inspired beauty that blooms in any space with its plush comfort and solid wo
H173384,Soma 3 Seater Sofa with Soma Armchair - Grey (Scratch Resistant),3 + 1 Seater Sofa Sets,S$849.00,SGD,58 x 52 x 49,,,,3,"fabric, leather, velvet",black,https://hipvan-images-production.imgix.net/product-images/e131c9aa-bf6e-4438-9319-8dc4e74e881f/Soma-by-HipVan--Soma-3-Seater-Sofa-with-Soma-Armchair--Grey-_Scratch-Resistant_-14.png?auto=format&bg=fff&fit=fill&h=400&w=400,https://www.hipvan.com/products/soma-3-seater-sofa-with-soma-armchair-grey-scratch-resistant,InStock,"The Soma Sofa features sleek Scandinavian design and scratch-resistant fabric, perfect for a stylish and durab"
HV-NONAME,,Concrete Dining Tables,S$499.00,SGD,,,,68,,"leather, wood, steel",black,https://hipvan-images-production.imgix.net/product-images/541dbc2b-67d4-4538-a1ab-1cb21b6f8c7c/Concrete-Furniture-by-HipVan--Titus-Concrete-Dining-Table-1-8m-13.png?auto=format&bg=fff&fit=fill&h=400&w=400,https://www.hipvan.com/products/titus-concrete-dining-table-1-8m,InStock,The combination of steel and concrete in our Titus Concrete Dining Table instantly refines your living space a
H174570,Damien 2 Seater Sofa with Damien Armchair - Dark Grey (Scratch Resistant Fabric),2 + 1 Seater Sofa Sets,S$569.00,SGD,52 x 55 x 47,,,,2,"fabric, leather, velvet",black,https://hipvan-images-production.imgix.net/product-images/e495e54f-8194-4528-b9c7-3e640c71d447/Damien-by-HipVan--Damien-2-Seater-Sofa-with-Damien-Armchair--Dark-Grey-_Scratch-Resistant-Fabric_-16.png?auto=format&bg=fff&fit=fill&h=400&w=400,https://www.hipvan.com/products/damien-2-seater-sofa-with-damien-armchair-dark-grey-scratch-resistant-fabric,LimitedAvailability,"Tailored with utmost precision, the sophisticated Damien matches well with any living room setting. The tufted"
H175413,Claire Console Table 1.2m,(Sale) Living Room,S$329.00,SGD,,,,62,,"fabric, leather, wood",cream,https://hipvan-images-production.imgix.net/product-images/64d05a8a-95ed-41f2-ac21-b94d7396739d/Claire-by-HipVan--Claire-Console-Table-1-2m-21.png?auto=format&bg=fff&fit=fill&h=400&w=400,https://www.hipvan.com/products/claire-console-table-1-2m,OutOfStock,"The Claire series features a sophisticated design with a white wash color, fluted panels, and chamfered corner"
H175463,Soma 2 Seater Sofa with Soma Armchair - Silver (Scratch Resistant),2 + 1 Seater Sofa Sets,S$749.00,SGD,58 x 52 x 49,,,,2,"fabric, leather, velvet",black,https://hipvan-images-production.imgix.net/product-images/f40072eb-083f-417d-a59e-792594b7af36/Soma-by-HipVan--Soma-2-Seater-Sofa-with-Soma-Armchair--Silver-_Scratch-Resistant_-1.png?auto=format&bg=fff&fit=fill&h=400&w=400,https://www.hipvan.com/products/soma-2-seater-sofa-with-soma-armchair-silver-scratch-resistant,InStock,"The Soma Sofa features sleek Scandinavian design and scratch-resistant fabric, perfect for a stylish and durab"
H175970,Molly Lift-Up Storage Coffee Table 1.2m - Soft Oak,Coffee Tables,S$549.00,SGD,,,,18.5,,"leather, wood, oak",beige,https://hipvan-images-production.imgix.net/product-images/3bae344c-d06e-485d-a992-eb52f1aed7ef/Molly-by-HipVan--Molly-Storage-Coffee-Table-1-2m--Soft-Oak-9.png?auto=format&bg=fff&fit=fill&h=400&w=400,https://www.hipvan.com/products/molly-lift-up-storage-coffee-table-1-2m-soft-oak,InStock,"Introducing the Molly Table: a stylish blend of function and flair, featuring a lift-up mechanism, sleek round"
,Unnamed Storage Cabinet,Console Tables,S$429.00,SGD,,120,,,,"leather, wood, oak",black,https://hipvan-images-production.imgix.net/product-images/691ac7fe-b63f-4f2f-870f-bc778cbc55bb/HV-Atelier-Storage---Accent-Furniture--Ryland-Concrete-Console-Table-1-4m-4.png?auto=format&bg=fff&fit=fill&h=400&w=400,https://www.hipvan.com/products/ryland-concrete-console-table-1-4m,OutOfStock,"Industrial style does not always mean rusted metal. With the raw look of concrete, the Ryland Concrete Console"
H176094,Cleo Sofa Bed / Bench 2m - Gravel White,(Sale) Sofas & Sofa Beds,S$349.00,SGD,,,,42,,"fabric, leather, wood",beige,https://hipvan-images-production.imgix.net/product-images/360d6d9c-4889-45d9-ae92-f50a3b322451/HV-Atelier-Storage---Accent-Furniture--Cleo-Sofa-Bench-Bed-2m-20.png?auto=format&bg=fff&fit=fill&h=400&w=400,https://www.hipvan.com/products/cleo-sofa-bed-bench-2m-gravel-white,InStock,"The Cleo Sofa Bench Bed features an easy pull-out mechanism to transform into a bed for two, offering a minima"
H177152,Muna Lift-Up Coffee Table - Natural,Coffee Tables,S$499.00,SGD,,,,15,,"leather, wood, oak",beige,https://hipvan-images-production.imgix.net/product-images/f2fabf98-1a38-45b0-a940-1fb3a90a3196/Muna-by-HipVan--Muna-Lift-Up-Coffee-Table--Natural-5.png?auto=format&bg=fff&fit=fill&h=400&w=400,https://www.hipvan.com/products/muna-lift-up-coffee-table-natural,LimitedAvailability,"The Muna Lift-Up Coffee Table is designed for both work and dining, featuring rounded edges for safety and con"
H177682,Rika Bar Chair,(Sale) Dining Room,S$119.00,SGD,40 x 39 x 74.5,,,,,"leather, wood, oak",natural,https://hipvan-images-production.imgix.net/product-images/eb4bd458-067a-41b5-97c6-995c2cf95af1/HV-Atelier-Storage---Accent-Furniture--Rika-Bar-Chair-8.png?auto=format&bg=fff&fit=fill&h=400&w=400,https://www.hipvan.com/products/rika-bar-chair,LimitedAvailability,"Say hello to Rika, the solid oak bar chair that blends Japandi minimalist design with effortless elegance for "
H179173,Ralph Round Dining Table 1m with 4 Friska Dining Chairs in Warm Grey (Velvet) and Bronze (Velvet),4 Seater Dining Sets,S$439.00,SGD,,,41,48,,"fabric, leather, velvet",beige,https://hipvan-images-production.imgix.net/product-images/1d94bd5f-8f47-438e-8863-2b2777949a95/Dining-Sets-by-HipVan--Ralph-Round-Dining-Table-1m-with-4-Friska-Dining-Chairs-in-Warm-Grey-_Velvet_-and-Bronze-_Velvet_-12.png?auto=format&bg=fff&fit=fill&h=400&w=400,https://www.hipvan.com/products/ralph-round-dining-table-1m-with-4-friska-dining-chairs-in-warm-grey-velvet-and-bronze-velvet,InStock,The Ralph Round Dining Table will be a handsome addition to your dining and kitchen area. His stunning sunburs
H179369,Nolan L-Shaped Sofa - Caramel Tan (Faux Leather),(Sale) Sofas & Sofa Beds,S$649.00,SGD,254 x 75 x 44.5,,,,,"leather, wood, oak",brown,https://hipvan-images-production.imgix.net/product-images/a07800fa-7554-430a-811d-55c5e5d70923/Nolan-Sofas-by-HipVan--Nolan-L-Shaped-Sofa--Caramel-Tan-_Faux-Leather_-42.png?auto=format&bg=fff&fit=fill&h=400&w=400,https://www.hipvan.com/products/nolan-l-shaped-sofa-caramel-tan-faux-leather,InStock,"A classic Scandinavian design with deep tufting on its seats, the Nolan Sofa adds timeless charm to any living"
H179534,Aston 3 Seater Sofa with Aston 2 Seater Sofa - White Cream,3 + 2 Seater Sofa Sets,"S$1,229.00",SGD,,,48,38,3,"fabric, leather, wood",black,https://hipvan-images-production.imgix.net/product-images/b01e17b4-30c5-4e81-9391-cb5c00a46aa3/Sofa-Sets-by-HipVan--Aston-3-Seater-Sofa-with-Aston-2-Seater-Sofa--White-Cream-1.png?auto=format&bg=fff&fit=fill&h=400&w=400,https://www.hipvan.com/products/aston-3-seater-sofa-with-aston-2-seater-sofa-white-cream,InStock,This vintage Aston Sofa is unique and stands out among all the modern century styles. It features the beautifu
H180418,Clarkson Dining Table 1.8m in Natural with 4 Caine Chairs in Oak,8 Seater Dining Sets,"S$1,099.00",SGD,,19,,44,,"fabric, leather, velvet",beige,https://hipvan-images-production.imgix.net/product-images/07c9fc02-309c-46f2-884a-aa08ecee81cf/Dining-Sets-by-HipVan--Clarkson-Dining-Table-1-8m-in-Natural-with-4-Caine-Chairs-in-Oak-1.png?auto=format&bg=fff&fit=fill&h=400&w=400,https://www.hipvan.com/products/clarkson-dining-table-1-8m-in-natural-with-4-caine-chairs-in-oak,OutOfStock,"If you are looking for a centerpiece to brighten up your dining area, the Clarkson Dining Table would be a per"
H181218,Syla Extendable Dining Table 1.6m-2m in Concrete Grey (Sintered Stone) with Jorge Bench 1.5m and 2 Santiago Dining Chair in Beige (Faux Leather),10 Seater Dining Sets,S$799.00,SGD,,110,,46,,"leather, wood, oak",beige,https://hipvan-images-production.imgix.net/product-images/f5684aa3-b581-4edd-b9a7-9f5cd5e790d8/Sintered-Stone-Dining-Tables-by-HipVan--Syla-Extendable-Dining-Table-1-6m-2m-in-Concrete-Grey-_Sintered-Stone_-with-Jorge-Bench-1-5m-and-2-Santiago-Dining-Chair-in-Beige-_Faux-Leather_-20.png?auto=format&bg=fff&fit=fill&h=400&w=400,https://www.hipvan.com/products/syla-extendable-dining-table-1-6m-2m-in-concrete-grey-sintered-stone-with-jorge-bench-1-5m-and-2-santiago-dining-chair-in-beige-faux-leather,InStock,The Syla Extendable Dining Table is a blend of functionality and elegance. Featuring a sintered stone tabletop
H183330,Hayward 2 Seater Low Sofa - Moss Green (Velvet),2 Seater Sofas,S$699.00,SGD,,,69,36,2,"fabric, leather, velvet",black,https://hipvan-images-production.imgix.net/product-images/f2e7fac1-665b-44d6-86d5-c3164f82e73d/Hayward-by-HipVan--Hayward-2-Seater-Low-Sofa--Moss-Green-_Velvet_-19.png?auto=format&bg=fff&fit=fill&h=400&w=400,https://www.hipvan.com/products/hayward-2-seater-low-sofa-moss-green-velvet,OutOfStock,"The Hayward Sofa redefines comfort with its low, lounge seating and distinctive textured, horizontal stitching"
H183856,Cocktail High Bar Stool - Python Green,Bar Stools & Counter Stools,S$155.00,SGD,,,,81,,"leather, wood, oak",beige,https://hipvan-images-production.imgix.net/product-images/b956087a-1b91-44ba-8bc7-61e53825a280/Phoenix--Cocktail-High-Bar-Stool--Python-Green-1.png?auto=format&bg=fff&fit=fill&h=400&w=400,https://www.hipvan.com/products/cocktail-high-bar-stool-python-green,InStock,"The Cocktail Bar Stool from Phoenix Industries combines sleek design, comfort, and durability—perfect for home"
H184131,"Amara Counter Chair - Oak, Beige",(Sale) Dining Room,S$139.00,SGD,,,,61,,"leather, wood, oak",beige,https://hipvan-images-production.imgix.net/product-images/774f850b-8f92-427c-879e-6d37924c0b0d/HV-Modern-Storage---Accent-Furniture--Amara-Counter-Chair--Oak-5.png?auto=format&bg=fff&fit=fill&h=400&w=400,https://www.hipvan.com/products/amara-counter-chair-oak-beige,LimitedAvailability,
H185061,Hollyn 3 Seater Sofa - Chestnut Brown (Velvet),3 Seater Sofas,"S$1,399.00",SGD,,175,,44,3,"leather, velvet, wood",black,https://hipvan-images-production.imgix.net/product-images/0ae63689-1a7b-4ea3-8b0d-b456c249b538/HV-Modern-Storage---Accent-Furniture--Hollyn-3-Seater-Sofa-8.png?auto=format&bg=fff&fit=fill&h=400&w=400,https://www.hipvan.com/products/hollyn-3-seater-sofa-chestnut-brown-velvet,InStock,"This Hollyn sofa combines a gently reclined backrest for laid-back comfort with firm, supportive seating — per"
H185292,"Miller Counter Chair - Walnut, Navy",(Sale) Dining Room,S$119.00,SGD,,,,65,,"fabric, leather, wood",green,https://hipvan-images-production.imgix.net/product-images/eaab1378-7660-4ae8-863c-dc12d0c62d3c/HV-Modern-Sofas---Lounge-Chairs--Miller-Counter-Chair---Walnut-Navy-5.png?auto=format&bg=fff&fit=fill&h=400&w=400,https://www.hipvan.com/products/miller-counter-chair-walnut-navy,InStock,"The Miller Series pairs soft curves with a clean, modern silhouette for a timeless look that feels effortlessl"
H185295,"Miller Bar Chair - Oak, Spring Green",(Sale) Dining Room,S$139.00,SGD,,,,75,,"fabric, leather, wood",green,https://hipvan-images-production.imgix.net/product-images/9df7872e-e0c1-476d-9c27-901bb236f40a/HV-Modern-Sofas---Lounge-Chairs--Miller-Bar-Chair--Oak-Spring-Green-5.png?auto=format&bg=fff&fit=fill&h=400&w=400,https://www.hipvan.com/products/miller-bar-chair-oak-spring-green,InStock,"The Miller Series pairs soft curves with a clean, modern silhouette for a timeless look that feels effortlessl"
H185297,"Miller Counter Stool - Oak, Spring Green",(Sale) Dining Room,S$89.00,SGD,,,,65,,"fabric, leather, wood",green,https://hipvan-images-production.imgix.net/product-images/e368d068-5458-43e9-a036-52b97dd16394/HV-Modern-Sofas---Lounge-Chairs--Miller-Counter-Stool---Oak-Spring-Green-4.png?auto=format&bg=fff&fit=fill&h=400&w=400,https://www.hipvan.com/products/miller-counter-stool-oak-spring-green,InStock,"The Miller Series pairs soft curves with a clean, modern silhouette for a timeless look that feels effortlessl"
H185298,"Miller Bar Stool - Walnut, Navy",(Sale) Dining Room,S$99.00,SGD,,,,75,,"fabric, leather, wood",green,https://hipvan-images-production.imgix.net/product-images/3442baa9-9acc-482e-a1f7-a58812924831/HV-Modern-Sofas---Lounge-Chairs--Miller-Bar-Stool---Walnut-Navy-3.png?auto=format&bg=fff&fit=fill&h=400&w=400,https://www.hipvan.com/products/miller-bar-stool-walnut-navy,InStock,"The Miller Series pairs soft curves with a clean, modern silhouette for a timeless look that feels effortlessl"
H185626,"Nelson Extendable Dining Table 1.4m-2m in Marble White (Sintered Stone) with 4 Lydia Dining Armchairs in Oak, Pale Grey",10 Seater Dining Sets,"S$1,309.00",SGD,47 x 45 x 45,,,,,"fabric, leather, wood",grey,https://hipvan-images-production.imgix.net/product-images/c98450a3-287b-48dc-ae3f-2ac4f48f729c/HipVan-Bundles--Nelson-Dining-Table-1-4m-2m-in-Marble-White-with-4-Lydia-Dining-Armchairs-in-Oak-Pale-Grey-1.png?auto=format&bg=fff&fit=fill&h=400&w=400,https://www.hipvan.com/products/nelson-extendable-dining-table-1-4m-2m-in-marble-white-sintered-stone-with-4-lydia-dining-armchairs-in-oak-pale-grey,InStock,"Meet Nelson — where sleek sintered stone meets bold geometry, balanced perfectly on angled solid ash wood and "
H186978,Edson Bar Chair - Black (Faux Leather),(Sale) Dining Room,S$149.00,SGD,,,,70,,"leather, wood, metal",black,https://hipvan-images-production.imgix.net/product-images/077bd52d-14d4-4a96-9370-5bb0d268cc99/Edson-Bar-Chair-Black-(Faux-Leather)_01.png?auto=format&bg=fff&fit=fill&h=400&w=400,https://www.hipvan.com/products/edson-bar-chair-black-faux-leather,LimitedAvailability,Meet the Edson — where clean lines and soft curves come together in a timeless design that fits effortlessly i
H197642,Mara 4 Seater Sofa Bed - Ivory (Aquatex Fabric),4 Seater Sofas,"S$1,249.00",SGD,,,191,40,4,"fabric, leather, wood",beige,https://hipvan-images-production.imgix.net/product-images/28b75460-7325-4522-99e3-49ba835ac524/Couches-by-HipVan--Mara-4-Seater-Sofa-Bed--Ivory-32-1779683683.png?auto=format&bg=fff&fit=fill&h=400&w=400,https://www.hipvan.com/products/mara-4-seater-sofa-bed-ivory-aquatex-fabric,InStock,"The Mara Modular Sofa Bed is made for lazy Sundays, movie marathons, and guests who somehow always stay the ni"
H198624,Toronto Extendable Dining Table 1.6m-2m with Toronto Bench 1.5m and 4 Toronto Cushioned Dining Chairs,10 Seater Dining Sets,"S$2,149.00",SGD,,,,48,,"fabric, leather, wood",natural,https://hipvan-images-production.imgix.net/product-images/9a700852-197d-421a-a62c-83abcda4c96b/Toronto-Ext-BenchSet2.png?auto=format&bg=fff&fit=fill&h=400&w=400,https://www.hipvan.com/products/toronto-extendable-dining-table-1-6m-2m-with-toronto-bench-1-5m-and-4-toronto-cushioned-dining-chairs,InStock,"The Toronto collection, crafted in warm honey-toned wood with sleek metal handle accents, brings a cozy yet re"
H198625,Toronto Extendable Dining Table 1.6m-2m with 6 Toronto Dining Chairs,10 Seater Dining Sets,"S$2,299.00",SGD,,,,45,,"leather, wood, oak",natural,https://hipvan-images-production.imgix.net/product-images/b07dd0aa-7be3-4e0c-a4fd-21ac96948dca/Toronto-Ext-6Chair-WoodenSet3.png?auto=format&bg=fff&fit=fill&h=400&w=400,https://www.hipvan.com/products/toronto-extendable-dining-table-1-6m-2m-with-6-toronto-dining-chairs,InStock,"The Toronto collection, crafted in warm honey-toned wood with sleek metal handle accents, brings a cozy yet re"
H198649,Sense 3 Seater Sofa with Adjustable Headrest - Ivory (Fabric),3 Seater Sofas,S$849.00,SGD,,,,47,3,"fabric, leather, velvet",black,https://hipvan-images-production.imgix.net/product-images/55c596fc-05ec-4822-b583-838f428716b2/Sense-3Seater-Grey.png?auto=format&bg=fff&fit=fill&h=400&w=400,https://www.hipvan.com/products/sense-3-seater-sofa-with-adjustable-headrest-ivory-fabric,InStock,"Meet the Sense Sofa, a plush retreat with adjustable headrests and an extra-comfy ottoman made for stretching "
